item_id,order_id,product_id,quantity,unit_price,discount_rate
I000001,O00001,P0047,2,82.95,0.05
I000002,O00002,P0037,3,41.02,0.05
I000003,O00002,P0057,1,17.01,0.15
I000004,O00003,P0002,1,16.0,0
I000005,O00004,P0020,1,452.59,0.15
I000006,O00005,P0061,1,173.72,0
I000007,O00005,P0032,1,625.99,0.1
I000008,O00006,P0054,1,22.42,0.2
I000009,O00007,P0076,1,99.12,0.15
I000010,O00008,P0043,2,690.53,0.05
I000011,O00008,P0071,1,46.97,0
I000012,O00009,P0053,1,21.93,0.15
I000013,O00010,P0020,4,452.59,0
I000014,O00010,P0064,1,50.36,0.1
I000015,O00011,P0068,3,93.06,0
I000016,O00012,P0010,2,42.07,0.05
I000017,O00012,P0061,2,173.72,0.2
I000018,O00012,P0034,1,118.21,0.15
I000019,O00012,P0044,3,320.44,0.05
I000020,O00013,P0009,1,34.84,0.15
I000021,O00014,P0013,2,52.9,0.15
I000022,O00015,P0004,1,296.72,0.2
I000023,O00016,P0068,1,93.06,0.15
I000024,O00017,P0049,2,26.78,0.05
I000025,O00017,P0080,3,104.87,0
I000026,O00018,P0060,2,34.7,0
I000027,O00018,P0037,1,41.02,0
I000028,O00019,P0039,4,38.07,0.2
I000029,O00019,P0026,1,75.91,0
I000030,O00020,P0038,1,459.07,0.2
I000031,O00020,P0003,2,136.87,0.15
I000032,O00020,P0051,4,229.71,0.1
I000033,O00020,P0036,2,54.58,0.2
I000034,O00021,P0025,2,34.54,0.15
I000035,O00022,P0006,1,811.08,0
I000036,O00022,P0040,2,37.24,0
I000037,O00022,P0057,3,17.01,0
I000038,O00023,P0047,1,82.95,0
I000039,O00023,P0068,2,93.06,0
I000040,O00024,P0044,2,320.44,0.05
I000041,O00025,P0051,4,229.71,0.2
I000042,O00026,P0069,1,142.05,0
I000043,O00027,P0048,1,164.89,0.1
I000044,O00027,P0014,3,19.49,0.1
I000045,O00027,P0030,1,297.21,0.1
I000046,O00028,P0039,1,38.07,0
I000047,O00028,P0053,3,21.93,0
I000048,O00029,P0050,1,145.78,0.15
I000049,O00029,P0059,2,23.41,0.1
I000050,O00030,P0063,1,949.65,0
I000051,O00030,P0079,1,68.47,0
I000052,O00031,P0013,3,52.9,0.15
I000053,O00031,P0048,1,164.89,0.05
I000054,O00031,P0070,1,116.53,0
I000055,O00032,P0077,4,30.28,0
I000056,O00033,P0027,2,83.19,0.1
I000057,O00033,P0009,1,34.84,0
I000058,O00034,P0077,1,30.28,0.2
I000059,O00035,P0004,1,296.72,0
I000060,O00036,P0034,1,118.21,0.15
I000061,O00037,P0047,1,82.95,0.05
I000062,O00037,P0066,1,92.63,0.1
I000063,O00038,P0008,2,64.87,0.05
I000064,O00038,P0062,2,184.39,0.05
I000065,O00038,P0052,1,277.93,0
I000066,O00038,P0055,1,113.58,0
I000067,O00039,P0042,4,52.42,0.1
I000068,O00039,P0049,1,26.78,0.1
I000069,O00040,P0071,2,46.97,0
I000070,O00041,P0052,1,277.93,0
I000071,O00041,P0054,2,22.42,0
I000072,O00041,P0013,4,52.9,0.15
I000073,O00042,P0056,1,171.19,0.15
I000074,O00043,P0072,2,145.4,0.05
I000075,O00043,P0043,1,690.53,0.15
I000076,O00044,P0037,1,41.02,0
I000077,O00044,P0077,1,30.28,0
I000078,O00045,P0072,1,145.4,0.2
I000079,O00046,P0080,1,104.87,0.15
I000080,O00046,P0079,2,68.47,0
I000081,O00046,P0072,1,145.4,0
I000082,O00047,P0024,3,56.94,0.1
I000083,O00048,P0004,2,296.72,0
I000084,O00048,P0012,1,56.98,0.05
I000085,O00049,P0073,1,831.92,0
I000086,O00050,P0055,1,113.58,0.05
I000087,O00051,P0056,1,171.19,0.15
I000088,O00052,P0029,1,41.3,0.1
I000089,O00053,P0018,2,329.56,0
I000090,O00054,P0017,1,94.14,0.15
I000091,O00055,P0006,1,811.08,0
I000092,O00055,P0056,3,171.19,0.1
I000093,O00055,P0003,1,136.87,0.05
I000094,O00056,P0042,1,52.42,0.1
I000095,O00057,P0032,1,625.99,0
I000096,O00057,P0056,1,171.19,0
I000097,O00057,P0076,2,99.12,0
I000098,O00058,P0068,1,93.06,0.2
I000099,O00058,P0066,1,92.63,0.15
I000100,O00059,P0026,1,75.91,0
I000101,O00060,P0064,2,50.36,0.2
I000102,O00060,P0060,1,34.7,0.15
I000103,O00061,P0020,1,452.59,0.05
I000104,O00061,P0057,2,17.01,0.2
I000105,O00062,P0060,1,34.7,0
I000106,O00063,P0012,1,56.98,0.05
I000107,O00063,P0079,1,68.47,0.2
I000108,O00063,P0077,2,30.28,0
I000109,O00064,P0020,1,452.59,0.2
I000110,O00064,P0008,3,64.87,0
I000111,O00065,P0057,1,17.01,0
I000112,O00065,P0068,1,93.06,0
I000113,O00066,P0043,1,690.53,0
I000114,O00067,P0078,1,381.05,0.1
I000115,O00067,P0020,2,452.59,0
I000116,O00068,P0011,1,579.29,0.15
I000117,O00068,P0040,2,37.24,0.2
I000118,O00069,P0047,1,82.95,0
I000119,O00070,P0029,1,41.3,0
I000120,O00070,P0018,2,329.56,0
I000121,O00071,P0080,1,104.87,0
I000122,O00071,P0017,1,94.14,0.15
I000123,O00071,P0077,2,30.28,0.2
I000124,O00072,P0031,4,238.24,0.1
I000125,O00073,P0061,3,173.72,0
I000126,O00074,P0049,1,26.78,0.05
I000127,O00075,P0033,1,11.36,0.05
I000128,O00076,P0016,1,61.62,0
I000129,O00076,P0037,1,41.02,0.1
I000130,O00077,P0058,1,858.22,0.05
I000131,O00077,P0045,1,37.85,0
I000132,O00077,P0004,1,296.72,0
I000133,O00078,P0043,2,690.53,0
I000134,O00079,P0061,1,173.72,0
I000135,O00080,P0071,1,46.97,0.2
I000136,O00080,P0078,1,381.05,0
I000137,O00080,P0068,1,93.06,0
I000138,O00081,P0064,1,50.36,0.1
I000139,O00081,P0077,1,30.28,0.15
I000140,O00081,P0069,1,142.05,0.05
I000141,O00082,P0011,1,579.29,0
I000142,O00083,P0050,1,145.78,0
I000143,O00083,P0048,1,164.89,0
I000144,O00084,P0043,1,690.53,0.1
I000145,O00084,P0018,1,329.56,0.15
I000146,O00085,P0024,1,56.94,0.2
I000147,O00085,P0018,3,329.56,0
I000148,O00086,P0041,1,290.11,0.2
I000149,O00086,P0040,1,37.24,0
I000150,O00086,P0066,1,92.63,0.15
I000151,O00087,P0043,1,690.53,0.2
I000152,O00088,P0050,1,145.78,0.05
I000153,O00088,P0044,1,320.44,0.2
I000154,O00088,P0024,1,56.94,0.2
I000155,O00089,P0024,1,56.94,0
I000156,O00089,P0070,1,116.53,0.15
I000157,O00090,P0057,1,17.01,0
I000158,O00091,P0008,1,64.87,0.15
I000159,O00092,P0078,2,381.05,0.05
I000160,O00093,P0047,3,82.95,0
I000161,O00093,P0050,2,145.78,0.15
I000162,O00094,P0018,1,329.56,0.05
I000163,O00095,P0024,1,56.94,0.05
I000164,O00096,P0058,1,858.22,0.1
I000165,O00097,P0010,1,42.07,0.15
I000166,O00098,P0071,1,46.97,0
I000167,O00098,P0070,3,116.53,0.15
I000168,O00099,P0016,2,61.62,0
I000169,O00099,P0026,2,75.91,0
I000170,O00100,P0017,1,94.14,0.15
I000171,O00100,P0079,2,68.47,0.1
I000172,O00100,P0012,1,56.98,0.05
I000173,O00100,P0009,2,34.84,0
I000174,O00101,P0045,3,37.85,0.2
I000175,O00101,P0017,1,94.14,0.1
I000176,O00102,P0008,1,64.87,0
I000177,O00102,P0016,1,61.62,0.15
I000178,O00102,P0067,1,29.88,0.1
I000179,O00103,P0071,1,46.97,0
I000180,O00103,P0036,2,54.58,0
I000181,O00104,P0022,2,8.89,0.1
I000182,O00104,P0080,1,104.87,0.1
I000183,O00105,P0074,2,179.37,0.05
I000184,O00105,P0034,2,118.21,0
I000185,O00105,P0027,1,83.19,0.15
I000186,O00106,P0052,1,277.93,0
I000187,O00106,P0039,1,38.07,0.05
I000188,O00106,P0059,1,23.41,0
I000189,O00107,P0045,1,37.85,0
I000190,O00107,P0052,1,277.93,0
I000191,O00108,P0019,1,20.78,0
I000192,O00109,P0021,2,598.93,0
I000193,O00109,P0042,2,52.42,0.05
I000194,O00109,P0074,4,179.37,0.05
I000195,O00110,P0051,1,229.71,0
I000196,O00111,P0077,3,30.28,0.15
I000197,O00112,P0056,2,171.19,0.2
I000198,O00112,P0018,1,329.56,0
I000199,O00112,P0034,1,118.21,0.1
I000200,O00113,P0065,1,31.26,0.1
I000201,O00114,P0048,2,164.89,0
I000202,O00115,P0065,1,31.26,0
I000203,O00115,P0006,2,811.08,0.2
I000204,O00116,P0018,1,329.56,0.05
I000205,O00116,P0042,4,52.42,0.15
I000206,O00116,P0079,2,68.47,0.1
I000207,O00117,P0003,1,136.87,0.15
I000208,O00118,P0004,1,296.72,0.15
I000209,O00118,P0077,2,30.28,0.2
I000210,O00119,P0022,2,8.89,0.1
I000211,O00119,P0068,2,93.06,0.05
I000212,O00120,P0015,1,596.47,0.05
I000213,O00120,P0025,1,34.54,0.15
I000214,O00120,P0003,1,136.87,0.1
I000215,O00121,P0008,1,64.87,0.1
I000216,O00121,P0018,1,329.56,0.15
I000217,O00122,P0069,1,142.05,0
I000218,O00123,P0032,1,625.99,0
I000219,O00124,P0063,1,949.65,0.1
I000220,O00124,P0041,3,290.11,0.2
I000221,O00125,P0049,2,26.78,0.2
I000222,O00125,P0051,2,229.71,0
I000223,O00126,P0033,2,11.36,0
I000224,O00127,P0018,2,329.56,0.1
I000225,O00127,P0014,1,19.49,0
I000226,O00128,P0053,1,21.93,0.05
I000227,O00129,P0021,2,598.93,0.05
I000228,O00129,P0053,1,21.93,0
I000229,O00130,P0012,2,56.98,0
I000230,O00131,P0023,3,148.84,0
I000231,O00132,P0038,1,459.07,0.1
I000232,O00132,P0005,2,187.1,0
I000233,O00133,P0065,1,31.26,0
I000234,O00134,P0033,1,11.36,0
I000235,O00134,P0024,2,56.94,0.1
I000236,O00135,P0052,1,277.93,0.05
I000237,O00135,P0055,2,113.58,0
I000238,O00135,P0066,4,92.63,0.05
I000239,O00136,P0035,4,272.66,0
I000240,O00137,P0031,1,238.24,0
I000241,O00138,P0040,2,37.24,0
I000242,O00138,P0016,1,61.62,0
I000243,O00139,P0078,1,381.05,0.1
I000244,O00139,P0048,3,164.89,0.2
I000245,O00140,P0077,1,30.28,0.1
I000246,O00140,P0011,2,579.29,0
I000247,O00141,P0065,1,31.26,0
I000248,O00141,P0026,1,75.91,0.2
I000249,O00142,P0063,3,949.65,0.05
I000250,O00142,P0012,2,56.98,0.05
I000251,O00143,P0060,2,34.7,0
I000252,O00144,P0028,1,126.51,0
I000253,O00145,P0009,4,34.84,0.05
I000254,O00146,P0054,1,22.42,0.05
I000255,O00147,P0070,2,116.53,0
I000256,O00147,P0018,1,329.56,0.1
I000257,O00148,P0001,2,736.59,0
I000258,O00149,P0032,1,625.99,0
I000259,O00149,P0059,3,23.41,0.15
I000260,O00149,P0045,2,37.85,0
I000261,O00150,P0003,1,136.87,0.1
I000262,O00150,P0031,1,238.24,0.1
I000263,O00150,P0027,2,83.19,0.2
I000264,O00151,P0028,2,126.51,0.2
I000265,O00152,P0074,2,179.37,0.2
I000266,O00152,P0041,1,290.11,0
I000267,O00152,P0077,3,30.28,0.15
I000268,O00153,P0076,3,99.12,0
I000269,O00154,P0045,3,37.85,0.15
I000270,O00155,P0039,1,38.07,0.2
I000271,O00156,P0019,2,20.78,0
I000272,O00157,P0032,1,625.99,0
I000273,O00158,P0025,1,34.54,0.05
I000274,O00159,P0076,2,99.12,0.1
I000275,O00160,P0002,1,16.0,0
I000276,O00161,P0032,2,625.99,0.05
I000277,O00161,P0078,3,381.05,0.1
I000278,O00162,P0046,1,85.15,0.1
I000279,O00162,P0040,3,37.24,0.05
I000280,O00163,P0027,1,83.19,0.05
I000281,O00164,P0071,3,46.97,0.1
I000282,O00165,P0049,1,26.78,0
I000283,O00166,P0063,2,949.65,0
I000284,O00166,P0059,1,23.41,0.15
I000285,O00166,P0022,1,8.89,0
I000286,O00167,P0010,1,42.07,0.2
I000287,O00167,P0007,2,110.31,0
I000288,O00167,P0001,2,736.59,0
I000289,O00168,P0079,2,68.47,0
I000290,O00168,P0062,1,184.39,0.1
I000291,O00169,P0037,1,41.02,0.2
I000292,O00170,P0014,1,19.49,0
I000293,O00170,P0013,2,52.9,0
I000294,O00170,P0068,2,93.06,0
I000295,O00171,P0073,1,831.92,0.15
I000296,O00172,P0005,1,187.1,0.1
I000297,O00172,P0012,1,56.98,0.15
I000298,O00172,P0052,1,277.93,0
I000299,O00173,P0013,3,52.9,0
I000300,O00174,P0036,2,54.58,0
I000301,O00174,P0070,3,116.53,0
I000302,O00174,P0073,1,831.92,0
I000303,O00175,P0073,1,831.92,0.2
I000304,O00176,P0011,2,579.29,0
I000305,O00176,P0065,1,31.26,0.05
I000306,O00177,P0077,4,30.28,0
I000307,O00177,P0051,1,229.71,0
I000308,O00178,P0049,1,26.78,0.1
I000309,O00178,P0056,2,171.19,0
I000310,O00179,P0011,1,579.29,0.15
I000311,O00179,P0035,2,272.66,0
I000312,O00180,P0040,1,37.24,0.2
I000313,O00181,P0072,1,145.4,0.05
I000314,O00182,P0077,2,30.28,0.2
I000315,O00183,P0072,1,145.4,0
I000316,O00183,P0032,2,625.99,0
I000317,O00184,P0022,1,8.89,0.05
I000318,O00185,P0064,1,50.36,0
I000319,O00185,P0077,1,30.28,0
I000320,O00185,P0079,3,68.47,0
I000321,O00186,P0043,1,690.53,0.2
I000322,O00187,P0026,1,75.91,0.05
I000323,O00187,P0062,4,184.39,0
I000324,O00188,P0042,1,52.42,0.2
I000325,O00188,P0049,1,26.78,0
I000326,O00189,P0071,4,46.97,0.05
I000327,O00189,P0004,3,296.72,0
I000328,O00190,P0053,2,21.93,0
I000329,O00191,P0055,2,113.58,0
I000330,O00192,P0054,1,22.42,0
I000331,O00192,P0070,2,116.53,0.2
I000332,O00193,P0046,1,85.15,0.1
I000333,O00194,P0056,1,171.19,0
I000334,O00195,P0076,2,99.12,0
I000335,O00196,P0011,1,579.29,0.15
I000336,O00197,P0067,1,29.88,0
I000337,O00197,P0062,1,184.39,0.15
I000338,O00198,P0015,2,596.47,0.15
I000339,O00198,P0003,2,136.87,0.15
I000340,O00198,P0044,1,320.44,0
I000341,O00199,P0030,1,297.21,0.15
I000342,O00199,P0052,2,277.93,0
I000343,O00199,P0024,1,56.94,0.05
I000344,O00199,P0056,1,171.19,0.15
I000345,O00200,P0009,2,34.84,0.1
I000346,O00200,P0074,1,179.37,0
I000347,O00200,P0014,1,19.49,0
I000348,O00201,P0077,2,30.28,0.1
I000349,O00201,P0050,1,145.78,0
I000350,O00202,P0039,1,38.07,0.15
I000351,O00202,P0079,1,68.47,0
I000352,O00203,P0066,1,92.63,0
I000353,O00203,P0050,1,145.78,0.05
I000354,O00204,P0018,1,329.56,0.05
I000355,O00204,P0024,2,56.94,0.2
I000356,O00205,P0072,1,145.4,0.05
I000357,O00205,P0065,1,31.26,0.2
I000358,O00205,P0064,1,50.36,0
I000359,O00206,P0005,1,187.1,0.1
I000360,O00207,P0064,1,50.36,0.1
I000361,O00207,P0071,1,46.97,0.2
I000362,O00208,P0057,1,17.01,0.05
I000363,O00208,P0070,1,116.53,0.2
I000364,O00209,P0058,1,858.22,0
I000365,O00209,P0034,2,118.21,0
I000366,O00209,P0045,1,37.85,0.15
I000367,O00209,P0012,1,56.98,0
I000368,O00210,P0027,2,83.19,0.2
I000369,O00211,P0022,4,8.89,0
I000370,O00211,P0042,1,52.42,0
I000371,O00212,P0053,4,21.93,0.2
I000372,O00212,P0008,2,64.87,0.15
I000373,O00213,P0032,2,625.99,0.15
I000374,O00214,P0054,1,22.42,0
I000375,O00215,P0048,4,164.89,0
I000376,O00215,P0059,1,23.41,0.2
I000377,O00216,P0046,2,85.15,0.05
I000378,O00216,P0009,1,34.84,0.05
I000379,O00217,P0044,1,320.44,0.2
I000380,O00217,P0071,1,46.97,0
I000381,O00217,P0074,3,179.37,0.2
I000382,O00218,P0003,1,136.87,0
I000383,O00218,P0016,4,61.62,0.05
I000384,O00218,P0021,1,598.93,0.15
I000385,O00219,P0036,1,54.58,0
I000386,O00219,P0012,2,56.98,0.15
I000387,O00219,P0047,1,82.95,0.05
I000388,O00220,P0013,1,52.9,0.05
I000389,O00221,P0002,2,16.0,0.2
I000390,O00222,P0030,1,297.21,0.2
I000391,O00222,P0050,1,145.78,0
I000392,O00223,P0018,1,329.56,0.1
I000393,O00223,P0019,1,20.78,0.15
I000394,O00224,P0020,2,452.59,0.05
I000395,O00224,P0053,3,21.93,0
I000396,O00225,P0050,4,145.78,0
I000397,O00225,P0045,2,37.85,0
I000398,O00226,P0078,2,381.05,0.15
I000399,O00226,P0037,1,41.02,0.2
I000400,O00227,P0025,1,34.54,0
I000401,O00227,P0051,2,229.71,0.2
I000402,O00228,P0077,1,30.28,0
I000403,O00229,P0054,2,22.42,0.2
I000404,O00229,P0047,1,82.95,0.2
I000405,O00229,P0070,1,116.53,0.1
I000406,O00230,P0051,2,229.71,0.1
I000407,O00230,P0065,2,31.26,0.05
I000408,O00230,P0037,2,41.02,0
I000409,O00231,P0066,3,92.63,0.2
I000410,O00232,P0009,2,34.84,0.15
I000411,O00232,P0040,4,37.24,0
I000412,O00233,P0079,2,68.47,0
I000413,O00234,P0002,1,16.0,0
I000414,O00234,P0021,1,598.93,0.2
I000415,O00235,P0035,2,272.66,0
I000416,O00236,P0009,1,34.84,0.1
I000417,O00237,P0064,3,50.36,0
I000418,O00238,P0015,1,596.47,0.2
I000419,O00238,P0030,3,297.21,0
I000420,O00238,P0066,1,92.63,0
I000421,O00239,P0071,1,46.97,0.05
I000422,O00239,P0054,3,22.42,0
I000423,O00239,P0029,1,41.3,0
I000424,O00240,P0023,4,148.84,0.05
I000425,O00240,P0029,1,41.3,0.05
I000426,O00240,P0067,3,29.88,0.2
I000427,O00241,P0048,1,164.89,0.2
I000428,O00241,P0026,1,75.91,0.1
I000429,O00242,P0026,2,75.91,0
I000430,O00242,P0070,1,116.53,0.05
I000431,O00243,P0002,1,16.0,0.15
I000432,O00243,P0043,1,690.53,0.15
I000433,O00244,P0054,2,22.42,0
I000434,O00244,P0063,1,949.65,0
I000435,O00244,P0008,3,64.87,0.1
I000436,O00244,P0019,1,20.78,0
I000437,O00245,P0051,1,229.71,0
I000438,O00245,P0010,1,42.07,0
I000439,O00246,P0051,1,229.71,0
I000440,O00246,P0042,1,52.42,0
I000441,O00246,P0041,1,290.11,0.2
I000442,O00247,P0041,1,290.11,0.1
I000443,O00248,P0016,1,61.62,0.15
I000444,O00248,P0012,1,56.98,0.15
I000445,O00249,P0019,4,20.78,0.05
I000446,O00249,P0012,1,56.98,0.15
I000447,O00249,P0032,1,625.99,0.2
I000448,O00250,P0071,1,46.97,0
I000449,O00250,P0032,2,625.99,0
I000450,O00251,P0017,2,94.14,0.15
I000451,O00251,P0026,1,75.91,0.1
I000452,O00251,P0052,1,277.93,0.2
I000453,O00251,P0048,1,164.89,0
I000454,O00252,P0043,1,690.53,0.05
I000455,O00253,P0004,1,296.72,0.05
I000456,O00254,P0058,3,858.22,0
I000457,O00255,P0071,1,46.97,0
I000458,O00255,P0062,1,184.39,0.05
I000459,O00256,P0003,1,136.87,0.2
I000460,O00256,P0049,1,26.78,0.1
I000461,O00256,P0046,1,85.15,0.05
I000462,O00257,P0036,1,54.58,0.05
I000463,O00258,P0031,1,238.24,0.2
I000464,O00259,P0074,3,179.37,0.2
I000465,O00259,P0050,1,145.78,0
I000466,O00259,P0046,1,85.15,0.2
I000467,O00260,P0046,3,85.15,0.1
I000468,O00261,P0064,1,50.36,0
I000469,O00261,P0070,1,116.53,0
I000470,O00261,P0040,2,37.24,0
I000471,O00262,P0017,2,94.14,0.2
I000472,O00262,P0044,2,320.44,0
I000473,O00263,P0015,4,596.47,0
I000474,O00263,P0068,2,93.06,0.15
I000475,O00263,P0047,1,82.95,0
I000476,O00264,P0056,2,171.19,0.05
I000477,O00265,P0079,1,68.47,0.1
I000478,O00265,P0046,2,85.15,0.05
I000479,O00266,P0074,3,179.37,0.2
I000480,O00266,P0051,4,229.71,0
I000481,O00267,P0029,1,41.3,0.15
I000482,O00267,P0073,1,831.92,0
I000483,O00267,P0014,4,19.49,0
I000484,O00267,P0064,2,50.36,0
I000485,O00268,P0032,2,625.99,0
I000486,O00269,P0057,2,17.01,0
I000487,O00270,P0049,1,26.78,0.05
I000488,O00271,P0005,1,187.1,0
I000489,O00272,P0021,3,598.93,0
I000490,O00272,P0010,1,42.07,0.1
I000491,O00272,P0071,3,46.97,0.15
I000492,O00273,P0007,1,110.31,0
I000493,O00274,P0070,2,116.53,0
I000494,O00274,P0034,1,118.21,0
I000495,O00275,P0055,1,113.58,0.2
I000496,O00276,P0022,2,8.89,0
I000497,O00277,P0063,3,949.65,0
I000498,O00278,P0048,1,164.89,0.05
I000499,O00278,P0024,1,56.94,0
I000500,O00278,P0058,2,858.22,0.1
I000501,O00279,P0070,1,116.53,0.2
I000502,O00280,P0054,1,22.42,0
I000503,O00280,P0069,1,142.05,0
I000504,O00280,P0061,1,173.72,0.2
I000505,O00281,P0023,4,148.84,0.2
I000506,O00281,P0022,1,8.89,0
I000507,O00282,P0019,1,20.78,0.15
I000508,O00282,P0077,3,30.28,0
I000509,O00282,P0034,1,118.21,0.1
I000510,O00283,P0002,1,16.0,0.2
I000511,O00283,P0080,1,104.87,0.05
I000512,O00284,P0013,3,52.9,0
I000513,O00284,P0037,3,41.02,0
I000514,O00285,P0023,1,148.84,0.1
I000515,O00285,P0036,2,54.58,0.15
I000516,O00286,P0031,1,238.24,0.05
I000517,O00287,P0039,2,38.07,0.2
I000518,O00287,P0040,2,37.24,0
I000519,O00287,P0036,4,54.58,0
I000520,O00288,P0054,2,22.42,0
I000521,O00289,P0063,2,949.65,0.2
I000522,O00290,P0040,2,37.24,0.05
I000523,O00291,P0026,1,75.91,0
I000524,O00291,P0008,3,64.87,0.15
I000525,O00291,P0032,1,625.99,0
I000526,O00292,P0004,1,296.72,0.05
I000527,O00293,P0071,1,46.97,0.2
I000528,O00293,P0045,3,37.85,0.15
I000529,O00294,P0021,3,598.93,0.2
I000530,O00295,P0035,1,272.66,0.2
I000531,O00295,P0053,2,21.93,0.2
I000532,O00296,P0077,1,30.28,0.1
I000533,O00296,P0002,2,16.0,0
I000534,O00297,P0045,1,37.85,0
I000535,O00298,P0048,1,164.89,0.1
I000536,O00299,P0044,2,320.44,0.2
I000537,O00299,P0036,1,54.58,0.15
I000538,O00300,P0031,2,238.24,0.2
I000539,O00300,P0008,2,64.87,0.05
I000540,O00301,P0038,3,459.07,0.05
I000541,O00301,P0034,1,118.21,0
I000542,O00302,P0069,3,142.05,0.15
I000543,O00302,P0061,1,173.72,0
I000544,O00303,P0034,2,118.21,0
I000545,O00303,P0072,3,145.4,0
I000546,O00304,P0040,2,37.24,0
I000547,O00304,P0054,1,22.42,0.1
I000548,O00305,P0075,1,40.28,0
I000549,O00305,P0080,1,104.87,0.2
I000550,O00305,P0010,2,42.07,0.1
I000551,O00306,P0026,1,75.91,0.1
I000552,O00307,P0011,1,579.29,0
I000553,O00307,P0063,1,949.65,0
I000554,O00308,P0074,1,179.37,0.2
I000555,O00308,P0021,2,598.93,0
I000556,O00309,P0050,1,145.78,0
I000557,O00309,P0001,4,736.59,0
I000558,O00309,P0005,2,187.1,0.1
I000559,O00309,P0069,1,142.05,0.15
I000560,O00310,P0040,1,37.24,0.1
I000561,O00310,P0017,1,94.14,0
I000562,O00310,P0014,2,19.49,0
I000563,O00311,P0044,3,320.44,0
I000564,O00311,P0056,1,171.19,0.05
I000565,O00312,P0052,1,277.93,0
I000566,O00312,P0003,1,136.87,0
I000567,O00312,P0030,1,297.21,0
I000568,O00313,P0069,1,142.05,0
I000569,O00313,P0080,2,104.87,0.15
I000570,O00314,P0049,1,26.78,0
I000571,O00315,P0002,1,16.0,0
I000572,O00315,P0039,2,38.07,0
I000573,O00316,P0066,1,92.63,0.2
I000574,O00316,P0080,1,104.87,0
I000575,O00316,P0016,2,61.62,0.2
I000576,O00317,P0021,1,598.93,0.05
I000577,O00318,P0012,3,56.98,0.2
I000578,O00319,P0066,1,92.63,0.15
I000579,O00320,P0034,2,118.21,0.2
I000580,O00320,P0060,1,34.7,0
I000581,O00320,P0007,1,110.31,0.15
I000582,O00320,P0013,1,52.9,0.15
I000583,O00321,P0022,1,8.89,0.05
I000584,O00322,P0044,1,320.44,0.05
I000585,O00323,P0062,2,184.39,0.2
I000586,O00323,P0054,1,22.42,0
I000587,O00324,P0014,1,19.49,0.1
I000588,O00324,P0054,2,22.42,0
I000589,O00324,P0076,2,99.12,0.2
I000590,O00325,P0017,1,94.14,0.05
I000591,O00325,P0062,1,184.39,0
I000592,O00325,P0063,1,949.65,0
I000593,O00326,P0044,1,320.44,0.15
I000594,O00326,P0067,2,29.88,0.05
I000595,O00327,P0050,2,145.78,0.1
I000596,O00327,P0020,3,452.59,0.1
I000597,O00328,P0064,1,50.36,0.05
I000598,O00328,P0022,1,8.89,0
I000599,O00329,P0049,2,26.78,0
I000600,O00329,P0052,1,277.93,0.2
I000601,O00330,P0016,4,61.62,0.15
I000602,O00331,P0071,1,46.97,0
I000603,O00332,P0059,1,23.41,0
I000604,O00332,P0044,2,320.44,0.2
I000605,O00333,P0058,1,858.22,0.2
I000606,O00334,P0038,1,459.07,0
I000607,O00334,P0071,1,46.97,0
I000608,O00334,P0067,1,29.88,0.2
I000609,O00335,P0025,3,34.54,0.05
I000610,O00335,P0016,1,61.62,0.2
I000611,O00336,P0076,1,99.12,0.05
I000612,O00337,P0007,1,110.31,0.05
I000613,O00338,P0023,1,148.84,0.2
I000614,O00338,P0075,1,40.28,0.05
I000615,O00339,P0078,3,381.05,0.2
I000616,O00340,P0058,2,858.22,0.15
I000617,O00340,P0018,1,329.56,0.2
I000618,O00340,P0053,2,21.93,0.2
I000619,O00340,P0078,1,381.05,0.15
I000620,O00341,P0038,3,459.07,0
I000621,O00341,P0045,4,37.85,0.15
I000622,O00342,P0072,1,145.4,0.15
I000623,O00342,P0062,2,184.39,0.15
I000624,O00343,P0002,1,16.0,0
I000625,O00344,P0021,4,598.93,0.15
I000626,O00345,P0070,1,116.53,0.2
I000627,O00346,P0031,2,238.24,0.2
I000628,O00346,P0066,2,92.63,0.15
I000629,O00347,P0041,2,290.11,0
I000630,O00347,P0071,2,46.97,0.2
I000631,O00347,P0007,3,110.31,0.05
I000632,O00347,P0002,2,16.0,0.15
I000633,O00348,P0078,2,381.05,0
I000634,O00348,P0026,1,75.91,0
I000635,O00349,P0016,1,61.62,0
I000636,O00349,P0049,1,26.78,0
I000637,O00350,P0020,1,452.59,0
I000638,O00350,P0006,1,811.08,0.2
I000639,O00351,P0046,2,85.15,0
I000640,O00351,P0010,1,42.07,0
I000641,O00352,P0012,1,56.98,0
I000642,O00352,P0045,2,37.85,0
I000643,O00353,P0061,2,173.72,0.15
I000644,O00353,P0072,1,145.4,0.15
I000645,O00354,P0080,4,104.87,0.15
I000646,O00354,P0032,3,625.99,0.05
I000647,O00355,P0037,3,41.02,0.2
I000648,O00355,P0004,2,296.72,0.1
I000649,O00356,P0025,1,34.54,0
I000650,O00357,P0069,2,142.05,0
I000651,O00357,P0001,2,736.59,0.2
I000652,O00358,P0056,2,171.19,0
I000653,O00359,P0005,1,187.1,0
I000654,O00359,P0012,2,56.98,0.1
I000655,O00360,P0058,2,858.22,0.05
I000656,O00361,P0080,2,104.87,0.1
I000657,O00361,P0009,1,34.84,0.2
I000658,O00362,P0078,1,381.05,0.05
I000659,O00362,P0012,1,56.98,0.2
I000660,O00363,P0051,2,229.71,0.2
I000661,O00364,P0048,3,164.89,0
I000662,O00364,P0002,1,16.0,0
I000663,O00364,P0071,1,46.97,0.05
I000664,O00365,P0045,1,37.85,0.15
I000665,O00365,P0028,3,126.51,0
I000666,O00366,P0015,1,596.47,0.2
I000667,O00367,P0071,1,46.97,0
I000668,O00367,P0060,1,34.7,0
I000669,O00367,P0010,2,42.07,0.05
I000670,O00368,P0013,2,52.9,0
I000671,O00368,P0037,1,41.02,0.05
I000672,O00369,P0073,1,831.92,0
I000673,O00370,P0029,2,41.3,0.15
I000674,O00371,P0062,1,184.39,0.2
I000675,O00371,P0060,1,34.7,0.1
I000676,O00372,P0018,1,329.56,0.15
I000677,O00372,P0069,1,142.05,0
I000678,O00372,P0026,3,75.91,0.2
I000679,O00373,P0076,3,99.12,0.1
I000680,O00373,P0028,1,126.51,0.1
I000681,O00374,P0076,2,99.12,0
I000682,O00375,P0031,2,238.24,0.2
I000683,O00375,P0079,1,68.47,0.05
I000684,O00376,P0046,1,85.15,0.05
I000685,O00376,P0006,1,811.08,0
I000686,O00377,P0047,1,82.95,0.05
I000687,O00377,P0050,3,145.78,0
I000688,O00378,P0036,1,54.58,0.1
I000689,O00378,P0034,1,118.21,0.15
I000690,O00379,P0029,1,41.3,0
I000691,O00380,P0078,1,381.05,0
I000692,O00380,P0001,1,736.59,0
I000693,O00381,P0047,2,82.95,0.2
I000694,O00382,P0015,1,596.47,0.05
I000695,O00383,P0032,1,625.99,0.1
I000696,O00384,P0074,1,179.37,0
I000697,O00385,P0003,3,136.87,0
I000698,O00385,P0037,1,41.02,0.05
I000699,O00386,P0019,2,20.78,0.2
I000700,O00387,P0059,1,23.41,0
I000701,O00387,P0077,1,30.28,0
I000702,O00388,P0054,1,22.42,0.05
I000703,O00388,P0020,3,452.59,0.1
I000704,O00388,P0078,1,381.05,0.2
I000705,O00389,P0078,2,381.05,0.2
I000706,O00389,P0070,2,116.53,0.05
I000707,O00390,P0055,3,113.58,0.05
I000708,O00390,P0030,2,297.21,0.05
I000709,O00391,P0030,3,297.21,0
I000710,O00392,P0001,1,736.59,0
I000711,O00393,P0041,1,290.11,0
I000712,O00393,P0053,1,21.93,0.1
I000713,O00394,P0051,1,229.71,0.2
I000714,O00394,P0027,1,83.19,0
I000715,O00395,P0045,2,37.85,0.05
I000716,O00396,P0021,1,598.93,0.1
I000717,O00397,P0007,1,110.31,0.15
I000718,O00397,P0021,1,598.93,0
I000719,O00398,P0009,1,34.84,0
I000720,O00399,P0052,1,277.93,0.1
I000721,O00399,P0079,1,68.47,0.2
I000722,O00399,P0067,2,29.88,0.15
I000723,O00400,P0067,1,29.88,0.2
I000724,O00400,P0037,1,41.02,0.1
I000725,O00401,P0001,4,736.59,0
I000726,O00402,P0076,1,99.12,0
I000727,O00403,P0072,1,145.4,0.2
I000728,O00403,P0075,1,40.28,0.1
I000729,O00404,P0034,1,118.21,0
I000730,O00404,P0023,1,148.84,0.1
I000731,O00405,P0069,4,142.05,0.1
I000732,O00405,P0074,1,179.37,0
I000733,O00405,P0033,2,11.36,0.2
I000734,O00405,P0057,1,17.01,0.05
I000735,O00406,P0049,2,26.78,0
I000736,O00407,P0046,1,85.15,0
I000737,O00408,P0044,1,320.44,0
I000738,O00409,P0024,1,56.94,0
I000739,O00409,P0025,1,34.54,0
I000740,O00410,P0080,2,104.87,0
I000741,O00410,P0046,3,85.15,0.15
I000742,O00410,P0020,4,452.59,0.05
I000743,O00411,P0041,1,290.11,0.1
I000744,O00412,P0066,1,92.63,0.2
I000745,O00412,P0036,1,54.58,0
I000746,O00413,P0065,1,31.26,0.15
I000747,O00413,P0045,2,37.85,0.05
I000748,O00414,P0027,1,83.19,0
I000749,O00415,P0035,1,272.66,0.1
I000750,O00416,P0048,1,164.89,0.05
I000751,O00417,P0030,1,297.21,0.2
I000752,O00417,P0013,1,52.9,0
I000753,O00417,P0035,2,272.66,0.15
I000754,O00417,P0031,1,238.24,0.2
I000755,O00418,P0067,1,29.88,0.1
I000756,O00418,P0069,3,142.05,0
I000757,O00418,P0041,1,290.11,0.15
I000758,O00418,P0063,1,949.65,0
I000759,O00419,P0043,1,690.53,0
I000760,O00420,P0045,3,37.85,0.1
I000761,O00421,P0042,2,52.42,0.05
I000762,O00422,P0037,1,41.02,0
I000763,O00423,P0052,1,277.93,0
I000764,O00423,P0010,1,42.07,0
I000765,O00424,P0057,2,17.01,0
I000766,O00425,P0003,1,136.87,0
I000767,O00426,P0013,1,52.9,0.05
I000768,O00427,P0011,1,579.29,0
I000769,O00427,P0014,1,19.49,0.05
I000770,O00428,P0017,1,94.14,0.2
I000771,O00429,P0042,4,52.42,0.1
I000772,O00429,P0061,3,173.72,0.1
I000773,O00429,P0060,1,34.7,0.15
I000774,O00430,P0073,1,831.92,0.15
I000775,O00430,P0056,1,171.19,0
I000776,O00431,P0047,1,82.95,0
I000777,O00432,P0018,1,329.56,0.1
I000778,O00432,P0045,1,37.85,0.05
I000779,O00433,P0038,1,459.07,0
I000780,O00433,P0077,1,30.28,0
I000781,O00434,P0050,2,145.78,0
I000782,O00435,P0079,1,68.47,0.15
I000783,O00435,P0035,1,272.66,0
I000784,O00436,P0059,2,23.41,0
I000785,O00437,P0007,4,110.31,0
I000786,O00438,P0002,1,16.0,0
I000787,O00438,P0030,1,297.21,0
I000788,O00439,P0005,1,187.1,0.2
I000789,O00439,P0043,4,690.53,0
I000790,O00440,P0025,2,34.54,0.2
I000791,O00440,P0033,1,11.36,0.2
I000792,O00441,P0005,1,187.1,0.15
I000793,O00442,P0040,1,37.24,0.15
I000794,O00442,P0042,1,52.42,0.1
I000795,O00443,P0047,3,82.95,0.2
I000796,O00444,P0002,1,16.0,0
I000797,O00445,P0006,1,811.08,0.15
I000798,O00446,P0021,1,598.93,0.15
I000799,O00447,P0069,1,142.05,0
I000800,O00447,P0014,1,19.49,0.1
I000801,O00448,P0025,1,34.54,0.05
I000802,O00449,P0057,1,17.01,0.1
I000803,O00450,P0042,1,52.42,0.2
I000804,O00450,P0060,1,34.7,0.2
I000805,O00451,P0034,1,118.21,0.05
I000806,O00452,P0080,1,104.87,0
I000807,O00452,P0047,2,82.95,0.1
I000808,O00452,P0031,2,238.24,0
I000809,O00453,P0037,1,41.02,0.15
I000810,O00454,P0017,1,94.14,0
I000811,O00455,P0050,2,145.78,0.1
I000812,O00456,P0010,1,42.07,0
I000813,O00457,P0047,2,82.95,0.05
I000814,O00457,P0072,2,145.4,0.2
I000815,O00458,P0039,3,38.07,0.1
I000816,O00458,P0010,1,42.07,0.15
I000817,O00459,P0032,2,625.99,0
I000818,O00459,P0073,1,831.92,0.1
I000819,O00460,P0059,3,23.41,0
I000820,O00460,P0055,2,113.58,0.1
I000821,O00461,P0077,3,30.28,0
I000822,O00461,P0057,1,17.01,0
I000823,O00462,P0042,2,52.42,0.1
I000824,O00463,P0033,1,11.36,0.05
I000825,O00463,P0047,1,82.95,0
I000826,O00463,P0058,4,858.22,0.1
I000827,O00464,P0039,4,38.07,0
I000828,O00465,P0036,1,54.58,0.1
I000829,O00465,P0071,1,46.97,0
I000830,O00465,P0066,1,92.63,0
I000831,O00466,P0033,2,11.36,0
I000832,O00467,P0062,1,184.39,0.15
I000833,O00467,P0023,2,148.84,0.2
I000834,O00468,P0049,3,26.78,0
I000835,O00468,P0011,1,579.29,0.2
I000836,O00468,P0008,1,64.87,0.2
I000837,O00469,P0002,1,16.0,0
I000838,O00469,P0049,1,26.78,0.1
I000839,O00469,P0007,1,110.31,0.1
I000840,O00470,P0051,2,229.71,0.1
I000841,O00470,P0058,1,858.22,0
I000842,O00471,P0061,1,173.72,0
I000843,O00472,P0017,1,94.14,0
I000844,O00472,P0018,1,329.56,0.15
I000845,O00473,P0056,1,171.19,0.1
I000846,O00474,P0042,1,52.42,0.15
I000847,O00475,P0057,2,17.01,0.05
I000848,O00476,P0011,1,579.29,0
I000849,O00477,P0002,1,16.0,0.05
I000850,O00477,P0044,1,320.44,0
I000851,O00477,P0015,2,596.47,0
I000852,O00478,P0019,1,20.78,0.15
I000853,O00478,P0003,1,136.87,0
I000854,O00479,P0035,1,272.66,0
I000855,O00479,P0007,1,110.31,0.15
I000856,O00480,P0050,1,145.78,0.05
I000857,O00481,P0077,1,30.28,0
I000858,O00481,P0069,1,142.05,0.05
I000859,O00482,P0040,1,37.24,0
I000860,O00482,P0043,1,690.53,0.15
I000861,O00482,P0063,1,949.65,0.15
I000862,O00483,P0050,3,145.78,0
I000863,O00483,P0004,1,296.72,0
I000864,O00484,P0079,3,68.47,0.15
I000865,O00485,P0040,3,37.24,0
I000866,O00486,P0070,2,116.53,0
I000867,O00487,P0018,2,329.56,0.1
I000868,O00487,P0056,3,171.19,0
I000869,O00487,P0019,1,20.78,0.1
I000870,O00488,P0019,3,20.78,0.05
I000871,O00488,P0004,4,296.72,0
I000872,O00488,P0041,1,290.11,0.2
I000873,O00489,P0017,1,94.14,0.2
I000874,O00490,P0077,1,30.28,0
I000875,O00490,P0030,1,297.21,0.15
I000876,O00491,P0048,3,164.89,0.05
I000877,O00491,P0024,1,56.94,0
I000878,O00492,P0035,2,272.66,0
I000879,O00492,P0053,1,21.93,0.05
I000880,O00492,P0029,3,41.3,0.05
I000881,O00492,P0026,2,75.91,0.2
I000882,O00493,P0078,2,381.05,0.05
I000883,O00493,P0049,2,26.78,0.15
I000884,O00494,P0006,1,811.08,0.05
I000885,O00494,P0032,4,625.99,0
I000886,O00495,P0039,2,38.07,0
I000887,O00496,P0067,2,29.88,0.05
I000888,O00496,P0019,1,20.78,0.1
I000889,O00496,P0060,1,34.7,0.2
I000890,O00497,P0004,1,296.72,0.1
I000891,O00498,P0042,2,52.42,0.15
I000892,O00499,P0047,1,82.95,0.05
I000893,O00499,P0011,2,579.29,0.1
I000894,O00500,P0022,3,8.89,0.1
I000895,O00501,P0007,1,110.31,0
I000896,O00502,P0017,4,94.14,0
I000897,O00503,P0064,2,50.36,0.1
I000898,O00503,P0070,3,116.53,0
I000899,O00504,P0077,2,30.28,0
I000900,O00505,P0027,1,83.19,0
I000901,O00505,P0007,2,110.31,0
I000902,O00506,P0039,1,38.07,0.05
I000903,O00506,P0043,4,690.53,0
I000904,O00506,P0012,2,56.98,0.1
I000905,O00507,P0047,1,82.95,0
I000906,O00507,P0005,1,187.1,0.05
I000907,O00508,P0061,1,173.72,0.15
I000908,O00509,P0027,1,83.19,0.1
I000909,O00509,P0079,2,68.47,0.15
I000910,O00510,P0037,2,41.02,0
I000911,O00510,P0055,1,113.58,0.1
I000912,O00511,P0064,3,50.36,0
I000913,O00511,P0024,2,56.94,0
I000914,O00512,P0027,4,83.19,0.05
I000915,O00512,P0079,1,68.47,0
I000916,O00513,P0037,1,41.02,0
I000917,O00514,P0043,1,690.53,0.15
I000918,O00515,P0044,3,320.44,0.05
I000919,O00516,P0059,3,23.41,0.05
I000920,O00516,P0069,2,142.05,0.05
I000921,O00517,P0041,1,290.11,0
I000922,O00518,P0046,1,85.15,0
I000923,O00518,P0009,1,34.84,0.05
I000924,O00518,P0020,2,452.59,0.2
I000925,O00519,P0040,2,37.24,0
I000926,O00520,P0031,1,238.24,0
I000927,O00520,P0048,1,164.89,0
I000928,O00521,P0012,1,56.98,0.2
I000929,O00521,P0057,1,17.01,0.1
I000930,O00522,P0068,2,93.06,0
I000931,O00522,P0040,2,37.24,0
I000932,O00523,P0050,2,145.78,0.1
I000933,O00524,P0077,1,30.28,0
I000934,O00524,P0012,1,56.98,0.2
I000935,O00525,P0027,1,83.19,0
I000936,O00525,P0042,1,52.42,0
I000937,O00526,P0015,1,596.47,0.1
I000938,O00527,P0041,1,290.11,0.15
I000939,O00528,P0044,1,320.44,0
I000940,O00529,P0050,1,145.78,0.05
I000941,O00530,P0026,2,75.91,0.15
I000942,O00531,P0060,1,34.7,0.2
I000943,O00531,P0073,2,831.92,0.15
I000944,O00532,P0060,1,34.7,0
I000945,O00532,P0061,1,173.72,0.1
I000946,O00533,P0043,1,690.53,0
I000947,O00533,P0042,1,52.42,0
I000948,O00533,P0059,1,23.41,0.2
I000949,O00534,P0014,1,19.49,0.15
I000950,O00535,P0039,1,38.07,0.05
I000951,O00536,P0062,1,184.39,0
I000952,O00536,P0050,2,145.78,0.1
I000953,O00537,P0031,1,238.24,0.15
I000954,O00538,P0042,1,52.42,0.05
I000955,O00538,P0072,1,145.4,0.05
I000956,O00539,P0049,1,26.78,0.15
I000957,O00539,P0042,1,52.42,0
I000958,O00540,P0058,1,858.22,0.1
I000959,O00540,P0069,1,142.05,0
I000960,O00541,P0039,2,38.07,0
I000961,O00541,P0056,4,171.19,0.1
I000962,O00542,P0008,4,64.87,0
I000963,O00542,P0048,2,164.89,0.2
I000964,O00542,P0071,4,46.97,0
I000965,O00543,P0051,2,229.71,0.05
I000966,O00543,P0041,1,290.11,0.1
I000967,O00544,P0050,2,145.78,0
I000968,O00545,P0017,1,94.14,0
I000969,O00545,P0018,1,329.56,0.05
I000970,O00545,P0002,2,16.0,0
I000971,O00546,P0078,1,381.05,0.1
I000972,O00546,P0055,1,113.58,0.2
I000973,O00546,P0080,1,104.87,0
I000974,O00547,P0031,1,238.24,0.1
I000975,O00547,P0065,1,31.26,0
I000976,O00548,P0062,4,184.39,0
I000977,O00549,P0079,1,68.47,0.05
I000978,O00550,P0075,2,40.28,0
I000979,O00550,P0040,1,37.24,0
I000980,O00551,P0046,4,85.15,0.2
I000981,O00552,P0039,1,38.07,0.05
I000982,O00552,P0073,1,831.92,0.1
I000983,O00552,P0034,1,118.21,0
I000984,O00553,P0065,1,31.26,0.2
I000985,O00554,P0033,1,11.36,0
I000986,O00555,P0023,1,148.84,0.15
I000987,O00556,P0044,1,320.44,0.2
I000988,O00556,P0011,1,579.29,0.05
I000989,O00556,P0019,2,20.78,0.05
I000990,O00557,P0022,1,8.89,0.2
I000991,O00557,P0027,1,83.19,0.15
I000992,O00558,P0061,1,173.72,0.2
I000993,O00558,P0039,3,38.07,0
I000994,O00559,P0056,1,171.19,0.2
I000995,O00560,P0006,3,811.08,0.15
I000996,O00560,P0013,1,52.9,0.2
I000997,O00561,P0013,1,52.9,0.1
I000998,O00562,P0025,1,34.54,0.15
I000999,O00562,P0067,4,29.88,0
I001000,O00563,P0013,1,52.9,0.15
I001001,O00564,P0005,1,187.1,0
I001002,O00565,P0016,3,61.62,0
I001003,O00565,P0012,1,56.98,0.2
I001004,O00566,P0033,1,11.36,0
I001005,O00566,P0038,2,459.07,0
I001006,O00567,P0036,1,54.58,0
I001007,O00567,P0008,4,64.87,0
I001008,O00568,P0026,2,75.91,0
I001009,O00569,P0028,2,126.51,0.05
I001010,O00569,P0079,2,68.47,0
I001011,O00570,P0058,1,858.22,0.05
I001012,O00571,P0035,2,272.66,0.05
I001013,O00571,P0020,1,452.59,0.1
I001014,O00572,P0009,1,34.84,0
I001015,O00573,P0046,2,85.15,0.05
I001016,O00573,P0043,1,690.53,0.15
I001017,O00574,P0038,1,459.07,0
I001018,O00574,P0026,4,75.91,0.15
I001019,O00575,P0046,1,85.15,0.15
I001020,O00575,P0063,1,949.65,0
I001021,O00576,P0031,2,238.24,0.15
I001022,O00576,P0063,1,949.65,0.1
I001023,O00576,P0050,4,145.78,0.2
I001024,O00576,P0009,1,34.84,0
I001025,O00577,P0052,1,277.93,0.15
I001026,O00577,P0016,2,61.62,0.05
I001027,O00578,P0010,1,42.07,0
I001028,O00579,P0006,1,811.08,0.15
I001029,O00579,P0032,1,625.99,0
I001030,O00579,P0017,2,94.14,0
I001031,O00580,P0014,1,19.49,0.1
I001032,O00581,P0044,2,320.44,0.15
I001033,O00582,P0070,1,116.53,0.2
I001034,O00582,P0018,1,329.56,0
I001035,O00583,P0054,1,22.42,0
I001036,O00584,P0018,2,329.56,0.15
I001037,O00584,P0013,2,52.9,0.2
I001038,O00585,P0012,2,56.98,0.1
I001039,O00586,P0061,1,173.72,0.15
I001040,O00586,P0017,1,94.14,0.05
I001041,O00587,P0024,2,56.94,0.1
I001042,O00588,P0031,1,238.24,0.1
I001043,O00589,P0065,1,31.26,0
I001044,O00589,P0029,1,41.3,0
I001045,O00589,P0060,2,34.7,0.05
I001046,O00589,P0027,1,83.19,0
I001047,O00590,P0056,1,171.19,0.1
I001048,O00591,P0069,1,142.05,0
I001049,O00591,P0023,1,148.84,0
I001050,O00592,P0026,2,75.91,0
I001051,O00593,P0053,3,21.93,0.05
I001052,O00594,P0056,1,171.19,0.1
I001053,O00594,P0019,1,20.78,0.05
I001054,O00595,P0035,1,272.66,0
I001055,O00595,P0026,2,75.91,0
I001056,O00596,P0022,1,8.89,0
I001057,O00596,P0044,2,320.44,0.2
I001058,O00597,P0030,1,297.21,0.1
I001059,O00597,P0012,1,56.98,0
I001060,O00598,P0032,1,625.99,0
I001061,O00598,P0042,3,52.42,0.1
I001062,O00599,P0061,2,173.72,0.1
I001063,O00600,P0013,1,52.9,0
I001064,O00600,P0058,1,858.22,0
I001065,O00601,P0038,1,459.07,0
I001066,O00602,P0074,1,179.37,0.05
I001067,O00602,P0075,1,40.28,0
I001068,O00603,P0060,1,34.7,0.15
I001069,O00603,P0001,1,736.59,0
I001070,O00603,P0010,1,42.07,0.2
I001071,O00604,P0043,2,690.53,0
I001072,O00605,P0047,1,82.95,0
I001073,O00606,P0072,1,145.4,0
I001074,O00606,P0027,1,83.19,0
I001075,O00607,P0042,3,52.42,0.1
I001076,O00607,P0046,2,85.15,0
I001077,O00608,P0068,1,93.06,0.1
I001078,O00608,P0016,2,61.62,0.1
I001079,O00609,P0009,3,34.84,0.05
I001080,O00609,P0025,1,34.54,0.05
I001081,O00610,P0022,1,8.89,0.15
I001082,O00611,P0003,1,136.87,0.15
I001083,O00611,P0038,1,459.07,0
I001084,O00612,P0038,1,459.07,0.2
I001085,O00612,P0025,2,34.54,0.2
I001086,O00613,P0042,1,52.42,0.15
I001087,O00614,P0040,2,37.24,0
I001088,O00614,P0022,1,8.89,0
I001089,O00615,P0022,2,8.89,0
I001090,O00616,P0020,1,452.59,0
I001091,O00617,P0027,1,83.19,0
I001092,O00618,P0021,1,598.93,0
I001093,O00619,P0059,1,23.41,0.15
I001094,O00619,P0041,1,290.11,0.1
I001095,O00620,P0074,2,179.37,0.2
I001096,O00621,P0062,3,184.39,0
I001097,O00622,P0029,1,41.3,0
I001098,O00623,P0036,1,54.58,0
I001099,O00624,P0066,1,92.63,0.1
I001100,O00624,P0051,1,229.71,0
I001101,O00624,P0025,3,34.54,0
I001102,O00624,P0063,1,949.65,0.15
I001103,O00625,P0045,1,37.85,0.05
I001104,O00626,P0054,1,22.42,0.15
I001105,O00626,P0057,4,17.01,0.05
I001106,O00626,P0037,2,41.02,0.05
I001107,O00627,P0068,4,93.06,0
I001108,O00628,P0035,1,272.66,0.1
I001109,O00629,P0038,1,459.07,0.2
I001110,O00629,P0071,1,46.97,0.1
I001111,O00629,P0063,1,949.65,0.1
I001112,O00630,P0034,1,118.21,0.15
I001113,O00631,P0037,1,41.02,0.15
I001114,O00631,P0054,2,22.42,0
I001115,O00632,P0077,1,30.28,0.2
I001116,O00632,P0047,1,82.95,0.15
I001117,O00632,P0075,1,40.28,0.15
I001118,O00632,P0062,2,184.39,0
I001119,O00633,P0008,1,64.87,0.05
I001120,O00634,P0047,1,82.95,0
I001121,O00635,P0066,2,92.63,0.1
I001122,O00635,P0025,2,34.54,0.1
I001123,O00635,P0024,1,56.94,0
I001124,O00636,P0047,1,82.95,0
I001125,O00636,P0013,2,52.9,0
I001126,O00637,P0044,1,320.44,0
I001127,O00637,P0021,1,598.93,0.2
I001128,O00638,P0015,1,596.47,0
I001129,O00638,P0017,2,94.14,0
I001130,O00638,P0003,2,136.87,0.1
I001131,O00639,P0016,1,61.62,0.2
I001132,O00640,P0011,1,579.29,0.2
I001133,O00641,P0056,1,171.19,0
I001134,O00641,P0006,2,811.08,0.1
I001135,O00642,P0009,1,34.84,0
I001136,O00643,P0026,1,75.91,0
I001137,O00644,P0075,1,40.28,0.1
I001138,O00644,P0045,2,37.85,0.1
I001139,O00644,P0046,1,85.15,0.1
I001140,O00645,P0037,3,41.02,0.1
I001141,O00645,P0022,1,8.89,0.15
I001142,O00646,P0057,1,17.01,0
I001143,O00646,P0014,4,19.49,0.05
I001144,O00647,P0041,1,290.11,0.1
I001145,O00647,P0016,1,61.62,0.2
I001146,O00648,P0042,1,52.42,0.05
I001147,O00649,P0029,1,41.3,0.2
I001148,O00649,P0071,1,46.97,0.2
I001149,O00649,P0053,1,21.93,0.2
I001150,O00650,P0063,1,949.65,0.15
I001151,O00650,P0014,1,19.49,0
I001152,O00650,P0051,1,229.71,0.15
I001153,O00650,P0057,1,17.01,0
I001154,O00651,P0026,1,75.91,0.05
I001155,O00652,P0075,1,40.28,0.2
I001156,O00653,P0052,1,277.93,0
I001157,O00653,P0063,2,949.65,0
I001158,O00654,P0018,1,329.56,0
I001159,O00654,P0004,2,296.72,0.05
I001160,O00655,P0020,2,452.59,0
I001161,O00655,P0039,2,38.07,0.15
I001162,O00656,P0064,1,50.36,0
I001163,O00657,P0056,3,171.19,0
I001164,O00658,P0005,1,187.1,0.1
I001165,O00659,P0056,1,171.19,0.15
I001166,O00660,P0071,1,46.97,0.05
I001167,O00660,P0070,1,116.53,0
I001168,O00661,P0049,2,26.78,0.2
I001169,O00661,P0079,4,68.47,0
I001170,O00662,P0075,1,40.28,0.15
I001171,O00663,P0053,1,21.93,0.15
I001172,O00663,P0045,1,37.85,0
I001173,O00663,P0008,3,64.87,0
I001174,O00663,P0032,3,625.99,0
I001175,O00664,P0055,1,113.58,0.05
I001176,O00665,P0049,1,26.78,0.2
I001177,O00665,P0074,1,179.37,0.15
I001178,O00665,P0050,2,145.78,0
I001179,O00665,P0042,1,52.42,0.2
I001180,O00666,P0056,1,171.19,0.15
I001181,O00667,P0037,1,41.02,0.1
I001182,O00667,P0034,1,118.21,0
I001183,O00668,P0076,1,99.12,0.1
I001184,O00668,P0044,2,320.44,0.05
I001185,O00669,P0039,2,38.07,0.05
I001186,O00669,P0065,2,31.26,0
I001187,O00670,P0071,3,46.97,0.15
I001188,O00670,P0024,2,56.94,0.2
I001189,O00671,P0060,3,34.7,0.05
I001190,O00671,P0035,3,272.66,0.15
I001191,O00671,P0069,2,142.05,0.1
I001192,O00671,P0079,1,68.47,0.05
I001193,O00672,P0056,1,171.19,0.2
I001194,O00672,P0053,3,21.93,0.15
I001195,O00673,P0021,1,598.93,0.1
I001196,O00674,P0032,2,625.99,0
I001197,O00675,P0026,1,75.91,0
I001198,O00675,P0021,2,598.93,0
I001199,O00675,P0035,2,272.66,0
I001200,O00676,P0003,3,136.87,0
I001201,O00676,P0008,1,64.87,0
I001202,O00677,P0012,3,56.98,0.15
I001203,O00677,P0051,2,229.71,0
I001204,O00678,P0068,3,93.06,0
I001205,O00678,P0033,1,11.36,0.2
I001206,O00678,P0064,2,50.36,0
I001207,O00679,P0055,1,113.58,0
I001208,O00679,P0028,1,126.51,0
I001209,O00680,P0069,1,142.05,0
I001210,O00681,P0036,3,54.58,0
I001211,O00682,P0078,1,381.05,0.15
I001212,O00683,P0031,1,238.24,0
I001213,O00683,P0033,2,11.36,0.15
I001214,O00684,P0057,1,17.01,0.05
I001215,O00685,P0031,3,238.24,0
I001216,O00685,P0039,3,38.07,0.15
I001217,O00685,P0027,1,83.19,0.2
I001218,O00686,P0011,2,579.29,0.05
I001219,O00687,P0055,3,113.58,0.2
I001220,O00688,P0046,2,85.15,0.2
I001221,O00688,P0054,1,22.42,0
I001222,O00689,P0024,2,56.94,0
I001223,O00689,P0057,1,17.01,0
I001224,O00690,P0032,1,625.99,0.2
I001225,O00691,P0041,1,290.11,0.15
I001226,O00691,P0058,1,858.22,0
I001227,O00692,P0054,1,22.42,0.05
I001228,O00693,P0072,2,145.4,0.15
I001229,O00694,P0022,1,8.89,0.05
I001230,O00694,P0007,2,110.31,0
I001231,O00695,P0068,1,93.06,0.05
I001232,O00696,P0025,1,34.54,0.05
I001233,O00696,P0035,1,272.66,0.05
I001234,O00697,P0025,1,34.54,0.05
I001235,O00698,P0080,1,104.87,0
I001236,O00699,P0042,2,52.42,0.15
I001237,O00699,P0051,1,229.71,0.05
I001238,O00700,P0007,3,110.31,0.05
I001239,O00700,P0043,3,690.53,0.1
I001240,O00701,P0049,4,26.78,0.15
I001241,O00701,P0039,1,38.07,0.1
I001242,O00702,P0044,1,320.44,0
I001243,O00702,P0060,2,34.7,0.05
I001244,O00703,P0064,1,50.36,0
I001245,O00703,P0036,2,54.58,0.2
I001246,O00703,P0047,3,82.95,0.1
I001247,O00703,P0056,1,171.19,0
I001248,O00704,P0057,1,17.01,0
I001249,O00705,P0060,1,34.7,0.05
I001250,O00706,P0059,1,23.41,0.15
I001251,O00706,P0064,3,50.36,0
I001252,O00707,P0022,2,8.89,0.2
I001253,O00708,P0068,3,93.06,0
I001254,O00708,P0074,2,179.37,0.15
I001255,O00708,P0024,1,56.94,0
I001256,O00708,P0054,1,22.42,0.15
I001257,O00709,P0014,1,19.49,0.05
I001258,O00709,P0042,2,52.42,0.15
I001259,O00709,P0020,1,452.59,0.15
I001260,O00710,P0080,4,104.87,0
I001261,O00711,P0037,1,41.02,0
I001262,O00712,P0031,4,238.24,0.2
I001263,O00713,P0052,1,277.93,0.2
I001264,O00714,P0056,3,171.19,0.1
I001265,O00714,P0040,1,37.24,0.15
I001266,O00715,P0050,1,145.78,0.1
I001267,O00715,P0061,1,173.72,0.2
I001268,O00716,P0055,1,113.58,0.1
I001269,O00717,P0064,2,50.36,0.1
I001270,O00717,P0068,1,93.06,0.05
I001271,O00718,P0039,1,38.07,0
I001272,O00718,P0032,1,625.99,0
I001273,O00718,P0067,1,29.88,0.1
I001274,O00718,P0055,1,113.58,0
I001275,O00719,P0065,1,31.26,0.15
I001276,O00719,P0003,1,136.87,0.2
I001277,O00720,P0039,1,38.07,0.15
I001278,O00721,P0024,1,56.94,0
I001279,O00722,P0069,1,142.05,0.05
I001280,O00723,P0052,2,277.93,0
I001281,O00723,P0078,2,381.05,0.1
I001282,O00724,P0018,1,329.56,0
I001283,O00725,P0019,2,20.78,0.05
I001284,O00726,P0019,1,20.78,0
I001285,O00726,P0061,1,173.72,0
I001286,O00727,P0058,1,858.22,0
I001287,O00727,P0075,1,40.28,0.2
I001288,O00728,P0056,2,171.19,0.15
I001289,O00728,P0054,1,22.42,0.15
I001290,O00729,P0076,3,99.12,0.2
I001291,O00729,P0079,3,68.47,0
I001292,O00730,P0009,1,34.84,0.15
I001293,O00731,P0045,2,37.85,0
I001294,O00731,P0058,1,858.22,0.15
I001295,O00732,P0076,3,99.12,0.2
I001296,O00732,P0044,2,320.44,0.15
I001297,O00733,P0054,2,22.42,0.15
I001298,O00734,P0021,1,598.93,0.15
I001299,O00734,P0080,2,104.87,0.15
I001300,O00735,P0013,3,52.9,0.05
I001301,O00735,P0054,1,22.42,0
I001302,O00736,P0021,1,598.93,0.2
I001303,O00737,P0015,2,596.47,0
I001304,O00738,P0046,2,85.15,0.2
I001305,O00739,P0066,2,92.63,0.05
I001306,O00739,P0078,2,381.05,0.2
I001307,O00739,P0014,2,19.49,0
I001308,O00740,P0014,1,19.49,0
I001309,O00741,P0057,2,17.01,0.05
I001310,O00742,P0018,1,329.56,0
I001311,O00743,P0044,1,320.44,0
I001312,O00743,P0037,1,41.02,0.2
I001313,O00743,P0065,1,31.26,0.15
I001314,O00744,P0030,2,297.21,0.05
I001315,O00744,P0018,3,329.56,0.05
I001316,O00745,P0002,2,16.0,0.1
I001317,O00746,P0022,1,8.89,0.05
I001318,O00747,P0067,4,29.88,0.05
I001319,O00748,P0045,1,37.85,0
I001320,O00749,P0027,3,83.19,0.1
I001321,O00750,P0052,1,277.93,0.1
I001322,O00750,P0026,1,75.91,0.15
I001323,O00750,P0039,2,38.07,0
I001324,O00751,P0040,1,37.24,0.15
I001325,O00751,P0067,1,29.88,0
I001326,O00752,P0055,1,113.58,0
I001327,O00752,P0065,2,31.26,0
I001328,O00753,P0016,1,61.62,0.15
I001329,O00753,P0058,1,858.22,0
I001330,O00754,P0074,2,179.37,0.15
I001331,O00755,P0025,1,34.54,0
I001332,O00755,P0047,2,82.95,0.2
I001333,O00756,P0061,1,173.72,0.15
I001334,O00756,P0028,1,126.51,0.1
I001335,O00756,P0058,1,858.22,0.2
I001336,O00757,P0057,2,17.01,0.05
I001337,O00757,P0063,2,949.65,0
I001338,O00758,P0066,3,92.63,0
I001339,O00759,P0072,3,145.4,0
I001340,O00759,P0048,2,164.89,0.05
I001341,O00760,P0020,1,452.59,0
I001342,O00761,P0019,1,20.78,0
I001343,O00761,P0076,3,99.12,0
I001344,O00762,P0009,1,34.84,0.1
I001345,O00762,P0006,1,811.08,0.05
I001346,O00763,P0078,2,381.05,0.1
I001347,O00763,P0017,2,94.14,0.2
I001348,O00764,P0012,2,56.98,0.05
I001349,O00764,P0080,1,104.87,0.05
I001350,O00765,P0036,2,54.58,0.1
I001351,O00765,P0012,2,56.98,0.2
I001352,O00765,P0022,2,8.89,0.1
I001353,O00766,P0074,4,179.37,0.1
I001354,O00766,P0007,1,110.31,0.05
I001355,O00767,P0003,2,136.87,0
I001356,O00767,P0036,2,54.58,0.2
I001357,O00768,P0042,1,52.42,0.05
I001358,O00768,P0052,3,277.93,0
I001359,O00769,P0041,1,290.11,0
I001360,O00769,P0049,1,26.78,0
I001361,O00769,P0033,1,11.36,0
I001362,O00770,P0022,1,8.89,0
I001363,O00771,P0019,1,20.78,0
I001364,O00772,P0077,1,30.28,0.05
I001365,O00773,P0041,1,290.11,0.05
I001366,O00774,P0003,1,136.87,0.1
I001367,O00775,P0017,1,94.14,0.05
I001368,O00775,P0039,1,38.07,0.15
I001369,O00776,P0032,1,625.99,0
I001370,O00776,P0069,2,142.05,0.2
I001371,O00776,P0055,2,113.58,0.15
I001372,O00776,P0072,4,145.4,0
I001373,O00777,P0049,1,26.78,0.1
I001374,O00777,P0045,1,37.85,0
I001375,O00777,P0028,2,126.51,0.1
I001376,O00778,P0018,2,329.56,0
I001377,O00779,P0041,1,290.11,0.15
I001378,O00779,P0044,4,320.44,0
I001379,O00779,P0034,1,118.21,0.1
I001380,O00779,P0058,1,858.22,0.15
I001381,O00780,P0002,2,16.0,0.05
I001382,O00781,P0010,1,42.07,0.2
I001383,O00781,P0069,2,142.05,0.05
I001384,O00782,P0077,1,30.28,0
I001385,O00783,P0025,1,34.54,0
I001386,O00784,P0025,2,34.54,0.15
I001387,O00784,P0012,1,56.98,0.15
I001388,O00785,P0064,3,50.36,0.15
I001389,O00786,P0051,1,229.71,0.05
I001390,O00786,P0015,1,596.47,0
I001391,O00786,P0036,2,54.58,0.1
I001392,O00787,P0009,1,34.84,0.1
I001393,O00788,P0069,1,142.05,0.1
I001394,O00788,P0079,3,68.47,0
I001395,O00789,P0053,1,21.93,0.15
I001396,O00790,P0029,1,41.3,0.05
I001397,O00790,P0007,1,110.31,0
I001398,O00791,P0004,4,296.72,0
I001399,O00791,P0029,1,41.3,0
I001400,O00791,P0055,1,113.58,0.15
I001401,O00792,P0076,1,99.12,0.05
I001402,O00792,P0043,1,690.53,0
I001403,O00792,P0033,2,11.36,0.2
I001404,O00793,P0080,2,104.87,0.15
I001405,O00793,P0057,1,17.01,0
I001406,O00794,P0009,3,34.84,0.05
I001407,O00794,P0017,1,94.14,0.1
I001408,O00794,P0008,2,64.87,0
I001409,O00795,P0049,1,26.78,0.1
I001410,O00796,P0080,1,104.87,0.05
I001411,O00796,P0002,2,16.0,0.1
I001412,O00797,P0004,1,296.72,0.1
I001413,O00797,P0059,1,23.41,0
I001414,O00798,P0074,1,179.37,0.05
I001415,O00798,P0017,1,94.14,0.1
I001416,O00798,P0066,1,92.63,0
I001417,O00799,P0056,1,171.19,0.15
I001418,O00800,P0019,1,20.78,0
I001419,O00800,P0061,1,173.72,0
I001420,O00801,P0072,1,145.4,0
I001421,O00801,P0007,4,110.31,0.15
I001422,O00802,P0060,2,34.7,0.2
I001423,O00802,P0077,1,30.28,0
I001424,O00803,P0006,1,811.08,0
I001425,O00804,P0062,2,184.39,0.2
I001426,O00805,P0001,1,736.59,0
I001427,O00806,P0075,3,40.28,0
I001428,O00807,P0034,2,118.21,0
I001429,O00808,P0034,3,118.21,0
I001430,O00809,P0015,3,596.47,0
I001431,O00809,P0044,1,320.44,0
I001432,O00810,P0080,1,104.87,0
I001433,O00810,P0056,2,171.19,0
I001434,O00810,P0009,1,34.84,0.15
I001435,O00810,P0016,1,61.62,0.1
I001436,O00811,P0076,3,99.12,0
I001437,O00811,P0025,2,34.54,0
I001438,O00812,P0075,2,40.28,0.2
I001439,O00812,P0063,1,949.65,0.15
I001440,O00812,P0027,2,83.19,0
I001441,O00813,P0042,1,52.42,0.05
I001442,O00813,P0048,2,164.89,0.05
I001443,O00814,P0005,1,187.1,0
I001444,O00814,P0027,1,83.19,0
I001445,O00815,P0021,3,598.93,0
I001446,O00816,P0057,1,17.01,0
I001447,O00817,P0058,1,858.22,0.05
I001448,O00818,P0023,1,148.84,0
I001449,O00819,P0065,1,31.26,0.15
I001450,O00820,P0010,1,42.07,0.1
I001451,O00821,P0036,1,54.58,0.1
I001452,O00822,P0045,2,37.85,0.05
I001453,O00823,P0020,1,452.59,0.15
I001454,O00823,P0051,2,229.71,0.05
I001455,O00824,P0011,2,579.29,0.05
I001456,O00824,P0041,2,290.11,0.15
I001457,O00825,P0048,1,164.89,0
I001458,O00825,P0018,1,329.56,0.15
I001459,O00826,P0052,2,277.93,0.15
I001460,O00827,P0005,1,187.1,0
I001461,O00827,P0018,1,329.56,0.2
I001462,O00828,P0051,1,229.71,0.05
I001463,O00829,P0039,2,38.07,0
I001464,O00829,P0012,1,56.98,0.15
I001465,O00829,P0022,2,8.89,0
I001466,O00829,P0014,1,19.49,0
I001467,O00830,P0068,1,93.06,0
I001468,O00831,P0053,4,21.93,0
I001469,O00831,P0051,1,229.71,0.05
I001470,O00831,P0021,2,598.93,0.05
I001471,O00832,P0056,2,171.19,0.15
I001472,O00833,P0059,1,23.41,0
I001473,O00833,P0036,1,54.58,0.2
I001474,O00834,P0063,1,949.65,0.15
I001475,O00834,P0059,1,23.41,0.15
I001476,O00834,P0060,3,34.7,0.05
I001477,O00835,P0023,1,148.84,0.1
I001478,O00835,P0054,2,22.42,0.05
I001479,O00835,P0032,1,625.99,0.15
I001480,O00836,P0031,3,238.24,0.1
I001481,O00836,P0021,1,598.93,0
I001482,O00836,P0036,2,54.58,0.15
I001483,O00837,P0016,1,61.62,0
I001484,O00837,P0048,1,164.89,0.2
I001485,O00838,P0006,1,811.08,0
I001486,O00839,P0025,1,34.54,0
I001487,O00839,P0051,1,229.71,0
I001488,O00840,P0071,2,46.97,0.15
I001489,O00841,P0021,1,598.93,0
I001490,O00842,P0051,1,229.71,0.2
I001491,O00842,P0022,1,8.89,0
I001492,O00843,P0069,1,142.05,0
I001493,O00843,P0028,2,126.51,0.2
I001494,O00844,P0007,1,110.31,0
I001495,O00845,P0031,1,238.24,0
I001496,O00846,P0009,1,34.84,0
I001497,O00847,P0066,1,92.63,0
I001498,O00848,P0051,1,229.71,0
I001499,O00848,P0055,1,113.58,0
I001500,O00848,P0016,1,61.62,0.15
I001501,O00849,P0036,2,54.58,0
I001502,O00850,P0064,2,50.36,0.2
I001503,O00850,P0014,4,19.49,0.2
I001504,O00851,P0050,1,145.78,0.15
I001505,O00851,P0018,2,329.56,0.15
I001506,O00852,P0075,1,40.28,0.1
I001507,O00853,P0002,1,16.0,0.2
I001508,O00853,P0030,3,297.21,0
I001509,O00854,P0008,1,64.87,0
I001510,O00854,P0018,1,329.56,0.05
I001511,O00855,P0057,1,17.01,0
I001512,O00855,P0043,2,690.53,0.2
I001513,O00856,P0004,1,296.72,0.15
I001514,O00857,P0032,2,625.99,0.15
I001515,O00858,P0001,1,736.59,0.05
I001516,O00859,P0027,1,83.19,0
I001517,O00860,P0060,1,34.7,0.15
I001518,O00861,P0037,1,41.02,0.15
I001519,O00862,P0051,1,229.71,0.1
I001520,O00862,P0049,2,26.78,0.05
I001521,O00862,P0022,2,8.89,0.2
I001522,O00862,P0061,4,173.72,0.05
I001523,O00863,P0039,1,38.07,0
I001524,O00864,P0059,1,23.41,0.1
I001525,O00864,P0037,1,41.02,0
I001526,O00865,P0001,2,736.59,0
I001527,O00865,P0002,1,16.0,0.05
I001528,O00865,P0065,3,31.26,0.15
I001529,O00866,P0010,1,42.07,0.1
I001530,O00866,P0053,1,21.93,0.2
I001531,O00866,P0005,1,187.1,0
I001532,O00866,P0016,2,61.62,0.2
I001533,O00867,P0008,2,64.87,0.05
I001534,O00868,P0047,1,82.95,0.05
I001535,O00868,P0004,3,296.72,0
I001536,O00868,P0019,1,20.78,0.1
I001537,O00869,P0050,2,145.78,0
I001538,O00869,P0051,1,229.71,0
I001539,O00870,P0039,1,38.07,0.1
I001540,O00871,P0012,2,56.98,0.2
I001541,O00871,P0014,2,19.49,0.2
I001542,O00872,P0040,1,37.24,0
I001543,O00873,P0054,1,22.42,0
I001544,O00873,P0068,2,93.06,0
I001545,O00874,P0024,1,56.94,0
I001546,O00875,P0024,2,56.94,0
I001547,O00876,P0014,1,19.49,0.05
I001548,O00876,P0022,1,8.89,0
I001549,O00876,P0011,1,579.29,0.1
I001550,O00877,P0008,1,64.87,0
I001551,O00878,P0001,2,736.59,0.2
I001552,O00878,P0049,1,26.78,0.05
I001553,O00879,P0044,4,320.44,0.2
I001554,O00880,P0046,3,85.15,0.2
I001555,O00881,P0018,1,329.56,0
I001556,O00882,P0032,1,625.99,0.15
I001557,O00882,P0048,2,164.89,0.05
I001558,O00883,P0042,2,52.42,0.2
I001559,O00883,P0003,1,136.87,0.2
I001560,O00884,P0079,1,68.47,0.05
I001561,O00884,P0011,4,579.29,0.2
I001562,O00885,P0019,3,20.78,0.1
I001563,O00886,P0039,4,38.07,0.05
I001564,O00886,P0071,1,46.97,0.05
I001565,O00887,P0028,1,126.51,0.15
I001566,O00888,P0021,3,598.93,0.2
I001567,O00888,P0042,1,52.42,0.15
I001568,O00889,P0018,2,329.56,0.05
I001569,O00889,P0069,1,142.05,0.15
I001570,O00890,P0077,2,30.28,0.05
I001571,O00890,P0009,3,34.84,0.15
I001572,O00891,P0056,1,171.19,0
I001573,O00891,P0030,1,297.21,0
I001574,O00892,P0048,1,164.89,0
I001575,O00893,P0025,4,34.54,0
I001576,O00893,P0050,2,145.78,0.2
I001577,O00894,P0029,1,41.3,0.1
I001578,O00894,P0014,3,19.49,0
I001579,O00895,P0059,2,23.41,0
I001580,O00895,P0019,2,20.78,0.2
I001581,O00896,P0016,1,61.62,0.2
I001582,O00897,P0038,2,459.07,0.05
I001583,O00898,P0029,3,41.3,0.2
I001584,O00898,P0007,1,110.31,0.05
I001585,O00899,P0021,1,598.93,0
I001586,O00899,P0003,1,136.87,0.05
I001587,O00900,P0037,2,41.02,0.1
I001588,O00900,P0025,1,34.54,0
